{"cameraMode":{"drawMode":2,"name":"Shaded Wireframe","section":"Shading Mode"},"sceneLighting":true,"audioPlay":false,"sceneViewState":{"showFog":true,"showMaterialUpdate":false,"showSkybox":true,"showFlares":true,"showImageEffects":true,"showParticleSystems":true},"in2DMode":false,"pivot":{"x":-5.652032375335693,"y":49.36437225341797,"z":1.8035168647766114},"rotation":{"x":-0.37160933017730715,"y":0.6221081018447876,"z":-0.5400415062904358,"w":-0.4280815124511719},"size":17.33611488342285,"orthographic":false}