{"cameraMode":{"drawMode":2,"name":"Shaded Wireframe","section":"Shading Mode"},"sceneLighting":true,"audioPlay":false,"sceneViewState":{"showFog":true,"showMaterialUpdate":false,"showSkybox":true,"showFlares":true,"showImageEffects":true,"showParticleSystems":true},"in2DMode":false,"pivot":{"x":5.762879371643066,"y":-45.018882751464847,"z":36.671234130859378},"rotation":{"x":0.41577258706092837,"y":0.09656018018722534,"z":-0.04444827884435654,"w":0.903235673904419},"size":87.27336120605469,"orthographic":false}